identificador|identificador_original|carencia|identificador_plano|identificador_tipo_classe_participacao|identificador_situacao
10d84d826635639c89c9a38ce70a9f28ef31d01bdc9e730f928530e10fae2872|	36CanceladoDesligado||76a50887d8f1c2e9301755428990ad81479ee21c25b43215cf524541e0503269|9aedd41f3885beb8936ee97bf5f2e9ce4c93884c0582ce8896f74fd88a767823|078f8f13a8f00be4b8b316183232b8126465a057029f49ccda99eda04a3683f9
b7c537620212dda9e980c4240d0b4e22b61888465d8a986dd5a420ec62f540ea|	37CanceladoDesligado||7a61b53701befdae0eeeffaecc73f14e20b537bb0f8b91ad7c2936dc63562b25|9aedd41f3885beb8936ee97bf5f2e9ce4c93884c0582ce8896f74fd88a767823|078f8f13a8f00be4b8b316183232b8126465a057029f49ccda99eda04a3683f9
a02a26d5d925125252715e0ea3f101e2f92ab515dcbbb503b2fe90ba8bba5868|	38CanceladoDesligado||aea92132c4cbeb263e6ac2bf6c183b5d81737f179f21efdc5863739672f0f470|9aedd41f3885beb8936ee97bf5f2e9ce4c93884c0582ce8896f74fd88a767823|078f8f13a8f00be4b8b316183232b8126465a057029f49ccda99eda04a3683f9
aa0a786a161bd8e667bc5426e2c348a4ee8ba9c367616ad6a33419d4bf8698cc|	38Aguardando OpçãoDemitido - Aguardando Opção||aea92132c4cbeb263e6ac2bf6c183b5d81737f179f21efdc5863739672f0f470|17964105663b1ca9aeb799273da60e17c05bd63e427142f0c4ec260ad61c9b61|f3e1b1491b19a7c71a5dd826e0f9d331c72c985809433b310b12a26b7d764f13
edd3d9658178501b7aa79f31ed799976fb9da0423f583251cbf9091e7d583ad0|	39CanceladoDesligado||0b918943df0962bc7a1824c0555a389347b4febdc7cf9d1254406d80ce44e3f9|9aedd41f3885beb8936ee97bf5f2e9ce4c93884c0582ce8896f74fd88a767823|078f8f13a8f00be4b8b316183232b8126465a057029f49ccda99eda04a3683f9
273060afbfd3f61ccfdf2ecdcb8644d83d7f6fab26f8be057f706d50b4b6e80b|	45CanceladoDesligado||811786ad1ae74adfdd20dd0372abaaebc6246e343aebd01da0bfc4c02bf0106c|9aedd41f3885beb8936ee97bf5f2e9ce4c93884c0582ce8896f74fd88a767823|078f8f13a8f00be4b8b316183232b8126465a057029f49ccda99eda04a3683f9
62dcfea80b02f4faf4504a05e0826d0d676689796db867490e8a2d3fb69d7ef4|	118CanceladoDesligado||85daaf6f7055cd5736287faed9603d712920092c4f8fd0097ec3b650bf27530e|9aedd41f3885beb8936ee97bf5f2e9ce4c93884c0582ce8896f74fd88a767823|078f8f13a8f00be4b8b316183232b8126465a057029f49ccda99eda04a3683f9
6abfd5356f26880382813e02d1d738bfe1317f4cb12964974ef66524c387ea5c|	125CanceladoDesligado||0f8ef3377b30fc47f96b48247f463a726a802f62f3faa03d56403751d2f66c67|9aedd41f3885beb8936ee97bf5f2e9ce4c93884c0582ce8896f74fd88a767823|078f8f13a8f00be4b8b316183232b8126465a057029f49ccda99eda04a3683f9
163c7ea62680ee79b1c6c962928ace195e7b1c8431fccaafcc253de20c8fab9b|	126CanceladoDesligado||65a699905c02619370bcf9207f5a477c3d67130ca71ec6f750e07fe8d510b084|9aedd41f3885beb8936ee97bf5f2e9ce4c93884c0582ce8896f74fd88a767823|078f8f13a8f00be4b8b316183232b8126465a057029f49ccda99eda04a3683f9
e3b9387c0f5ff67aa85a5390cbf1ace8edd516e6f782d202ad03cda34e1f8502|	129CanceladoDesligado||6566230e3a3ce3774c1bbc7c18b590ae0f457bbcd511e90e3e7dca2a02e7addc|9aedd41f3885beb8936ee97bf5f2e9ce4c93884c0582ce8896f74fd88a767823|078f8f13a8f00be4b8b316183232b8126465a057029f49ccda99eda04a3683f9
2c3259b7f87457d511c3468a962b492d4d499f466add2b03b89154f3092ded8d|	130CanceladoDesligado||38d66d9692ac590000a91b03a88da1c88d51fab2b78f63171f553ecc551a0c6f|9aedd41f3885beb8936ee97bf5f2e9ce4c93884c0582ce8896f74fd88a767823|078f8f13a8f00be4b8b316183232b8126465a057029f49ccda99eda04a3683f9
42f260a9dfc30ad7700ca3c068e91af87d6fb2889639e11683fd2e8aa6af6124|	131CanceladoDesligado||eeca91fd439b6d5e827e8fda7fee35046f2def93508637483f6be8a2df7a4392|9aedd41f3885beb8936ee97bf5f2e9ce4c93884c0582ce8896f74fd88a767823|078f8f13a8f00be4b8b316183232b8126465a057029f49ccda99eda04a3683f9
7c42e87d0f28f3ed0cabd3d710703bfdb6cfa9d23273ee5952f933321c700633|	137CanceladoDesligado||d80eae6e96d148b3b2abbbc6760077b66c4ea071f847dab573d507a32c4d99a5|9aedd41f3885beb8936ee97bf5f2e9ce4c93884c0582ce8896f74fd88a767823|078f8f13a8f00be4b8b316183232b8126465a057029f49ccda99eda04a3683f9
f4f7afd78e14f490011b41650a701da2289d7767281dcbbc4973d40e6e43d9e1|	138CanceladoDesligado||d6a4031733610bb080d0bfa794fcc9dbdcff74834aeaab7c6b927e21e9754037|9aedd41f3885beb8936ee97bf5f2e9ce4c93884c0582ce8896f74fd88a767823|078f8f13a8f00be4b8b316183232b8126465a057029f49ccda99eda04a3683f9
d7b861553136f1a8e0780274d09773eb261e30f67c737ca3608e7923e3452b0b|	139CanceladoDesligado||8d27ba37c5d810106b55f3fd6cdb35842007e88754184bfc0e6035f9bcede633|9aedd41f3885beb8936ee97bf5f2e9ce4c93884c0582ce8896f74fd88a767823|078f8f13a8f00be4b8b316183232b8126465a057029f49ccda99eda04a3683f9
fe7b4503d1ec9921eec47c7b5bd822bc8f7cd978bca28e7ca5ff8d4bd19b1aec|	140CanceladoDesligado||dbae772db29058a88f9bd830e957c695347c41b6162a7eb9a9ea13def34be56b|9aedd41f3885beb8936ee97bf5f2e9ce4c93884c0582ce8896f74fd88a767823|078f8f13a8f00be4b8b316183232b8126465a057029f49ccda99eda04a3683f9
0416d7ef47710ec1f79a7d27084243f9cb315b4f6f2a3a1941673e689562ad3c|	151CanceladoDesligado||8e612bd1f5d132a339575b8dafb7842c64614e56bcf3d5ab65a0bc4b34329407|9aedd41f3885beb8936ee97bf5f2e9ce4c93884c0582ce8896f74fd88a767823|078f8f13a8f00be4b8b316183232b8126465a057029f49ccda99eda04a3683f9
09296c06be4661db4bef50f4f1aa420286fd510760ef4b066db25960148c7be3|	152CanceladoDesligado||043066daf2109523a7490d4bfad4766da5719950a2b5f96d192fc0537e84f32a|9aedd41f3885beb8936ee97bf5f2e9ce4c93884c0582ce8896f74fd88a767823|078f8f13a8f00be4b8b316183232b8126465a057029f49ccda99eda04a3683f9
1cf3f8d7c8617b4ffe9da9f4b89c55f0392c63c59bb049ad57acbeb25a5cc2a2|	153CanceladoDesligado||620c9c332101a5bae955c66ae72268fbcd3972766179522c8deede6a249addb7|9aedd41f3885beb8936ee97bf5f2e9ce4c93884c0582ce8896f74fd88a767823|078f8f13a8f00be4b8b316183232b8126465a057029f49ccda99eda04a3683f9
cc16dbe1b711d4f6b43c1d57def89138f76f32cf8c19872e5eb721933fa8acd3|	169CanceladoDesligado||f57e5cb1f4532c008183057ecc94283801fcb5afe2d1c190e3dfd38c4da08042|9aedd41f3885beb8936ee97bf5f2e9ce4c93884c0582ce8896f74fd88a767823|078f8f13a8f00be4b8b316183232b8126465a057029f49ccda99eda04a3683f9
100c6b1b90c3bbca6a3749ec35b33551538b8c3bc0e1c24cc8dde76417983950|	192Aguardando BenefícioAguardando Pensão||eb3be230bbd2844b1f5d8f2e4fab9ffba8ab22cfeeb69c4c1361993ba4f377b9|8c9c6ecbc0397d98d31e1c3ffddf53cfd7fdd8b43ceb4c3d921ef3866b4b3a30|c6f390538b5f6886f3abdf0c90492b388a92b61e974329d13f44c7f474bce006
9b4f1ef7dcef2d128543a6095e59afc38e7dfec7db2d417b8b925664f5765b8d|	192ContribuinteAtivo||eb3be230bbd2844b1f5d8f2e4fab9ffba8ab22cfeeb69c4c1361993ba4f377b9|07bb661efa895dde1dfa88da21f663f6e4c469fa288f69801274c17044f7034c|ba2d8673aef57cb0e605192b81103a15d571d82bd1b044b317da210d45d49aa8
236fe65d57e890f33ec1dac72a165f3164c32c8bb2321c5eba0f754738a593bb|	192ContribuinteAutopatrocinado||eb3be230bbd2844b1f5d8f2e4fab9ffba8ab22cfeeb69c4c1361993ba4f377b9|07bb661efa895dde1dfa88da21f663f6e4c469fa288f69801274c17044f7034c|7fc133b6968257ce00df2993368da9c3f58fba409047dba6538427e2a5517ee5
e95c805701fc68c2ee496dbed8334c7a56d67fbf149613cdb890c24b712c3145|	192ContribuinteBPD||eb3be230bbd2844b1f5d8f2e4fab9ffba8ab22cfeeb69c4c1361993ba4f377b9|07bb661efa895dde1dfa88da21f663f6e4c469fa288f69801274c17044f7034c|e4e633d3f6e70fd1329ba84227b1d18df7c7f654ec86d76faea1440b263dccbd
130be57bdd06793210515e50c97c02a5c9976374c136cad7f983339cfc24258c|	192CanceladoCancelado||eb3be230bbd2844b1f5d8f2e4fab9ffba8ab22cfeeb69c4c1361993ba4f377b9|9aedd41f3885beb8936ee97bf5f2e9ce4c93884c0582ce8896f74fd88a767823|9aedd41f3885beb8936ee97bf5f2e9ce4c93884c0582ce8896f74fd88a767823
89c02de7f896ce40c35e2c2d6222609cad4204cff56c542548d36806af0ca08e|	192Aguardando OpçãoDemitido - Aguardando Opção||eb3be230bbd2844b1f5d8f2e4fab9ffba8ab22cfeeb69c4c1361993ba4f377b9|17964105663b1ca9aeb799273da60e17c05bd63e427142f0c4ec260ad61c9b61|f3e1b1491b19a7c71a5dd826e0f9d331c72c985809433b310b12a26b7d764f13
ae76c1077cc8e15e7728553ee89701632e6a3954379fa2634457bf1f607298a1|	192CanceladoDesligado||eb3be230bbd2844b1f5d8f2e4fab9ffba8ab22cfeeb69c4c1361993ba4f377b9|9aedd41f3885beb8936ee97bf5f2e9ce4c93884c0582ce8896f74fd88a767823|078f8f13a8f00be4b8b316183232b8126465a057029f49ccda99eda04a3683f9
30f4a7c4407c14da58b39d98200961d53590aec05541ec9d3ff7c628e0a5b685|	192AssistidoEm Benefício||eb3be230bbd2844b1f5d8f2e4fab9ffba8ab22cfeeb69c4c1361993ba4f377b9|81c70d479bf4e69f78ede26a30f056210928a7caf24fa635bc967ea7d3a318e0|b7d25462f30a38f817341f357ad5cfef3d22a9813bbf3f3140212a7aaccd8664
4aa89927ebfa44f0864a1bf931a6d684e1a8fd207a1eb116e92cc46155cb451d|	192AssistidoAposentadoria Antecipada||eb3be230bbd2844b1f5d8f2e4fab9ffba8ab22cfeeb69c4c1361993ba4f377b9|81c70d479bf4e69f78ede26a30f056210928a7caf24fa635bc967ea7d3a318e0|89d6e5f5b42432e1af02103035257b892547ce43e7410b6c7532f0590a777cb2
35e9871887369a5067026de1d9dfa888fcb9a24d5a0dd355fde54bbdbd0b9a81|	192AssistidoAposentadoria Normal||eb3be230bbd2844b1f5d8f2e4fab9ffba8ab22cfeeb69c4c1361993ba4f377b9|81c70d479bf4e69f78ede26a30f056210928a7caf24fa635bc967ea7d3a318e0|67268d411c1d658b92dda35aecc634783515b7ce38bd591c4041fee79663aae1
7ce4b8a85aecc4782b12d8f4586b3c499d3041e5c30e62310299b209d30803ba|	192AssistidoAposentadoria por Invalidez||eb3be230bbd2844b1f5d8f2e4fab9ffba8ab22cfeeb69c4c1361993ba4f377b9|81c70d479bf4e69f78ede26a30f056210928a7caf24fa635bc967ea7d3a318e0|5226e711adad385a78a40cd9fee41281857d13211c682ae4dd92f107a5fd88af
49965f0371316085a562abb6dc1ed3468b08204f49bca2afa6f5434a81e8d953|	192AssistidoBenef Prop Diferido||eb3be230bbd2844b1f5d8f2e4fab9ffba8ab22cfeeb69c4c1361993ba4f377b9|81c70d479bf4e69f78ede26a30f056210928a7caf24fa635bc967ea7d3a318e0|8f8c162ca0138585aaaa55063fc0fa0d60b610ee2a8153df06f0da75be56cc83
7b021bfe39b7acc8b884a35cf73d5ab15306e8385cef73ada0dc774a8e5b0ff7|	192AssistidoPensão por Morte||eb3be230bbd2844b1f5d8f2e4fab9ffba8ab22cfeeb69c4c1361993ba4f377b9|81c70d479bf4e69f78ede26a30f056210928a7caf24fa635bc967ea7d3a318e0|453c3b982ecf026ef14099908ed9f186389fd511a4e22b1944a6cf0b69e60f5b
4e1943e034a29bd525b2a7bb6f299d6b6db8a5f87cb392bb34ac2d218f2241b5|	192AssistidoPortabilidade Entidade Aberta||eb3be230bbd2844b1f5d8f2e4fab9ffba8ab22cfeeb69c4c1361993ba4f377b9|81c70d479bf4e69f78ede26a30f056210928a7caf24fa635bc967ea7d3a318e0|ccf8ec2eb741dbc310a1da5c86515d1b36600bd00f84eeb022fea2d7db950f8e
c587427a24e4c90accb4c4f677b0f6592d9b27c58ad26e9367bc78892b7ba8a6|	192AssistidoResgate de Contribuição||eb3be230bbd2844b1f5d8f2e4fab9ffba8ab22cfeeb69c4c1361993ba4f377b9|81c70d479bf4e69f78ede26a30f056210928a7caf24fa635bc967ea7d3a318e0|89514ac47fcff3c062d89f7b8627bfa85646d27ef61db6aa1cc316805ae83867
5cbc1472de0b551417ec2e026aae4543ba37545120ec26fa04cedbbbbeeb098c|	192AssistidoResgate Parcial||eb3be230bbd2844b1f5d8f2e4fab9ffba8ab22cfeeb69c4c1361993ba4f377b9|81c70d479bf4e69f78ede26a30f056210928a7caf24fa635bc967ea7d3a318e0|d4af2fc8a61598a88867a444e38869c0c51d03f760dfeb0158df986be08444db
bd20cbb7c68141305dfa02fbcbaff7fd90195c95bffb839830ddc7a6bb3bba78|	231CanceladoDesligado||138d9e809e386a7b800791d1f664f56d1c55f3d1ba411b950862729bc486c5ce|9aedd41f3885beb8936ee97bf5f2e9ce4c93884c0582ce8896f74fd88a767823|078f8f13a8f00be4b8b316183232b8126465a057029f49ccda99eda04a3683f9
9b9342685fa5d657b1338a012cca4155a1f783ad41e74850c7d7730aac1de465|	232CanceladoDesligado||835d5e8314340ab852a2f979ab4cd53e994dbe38366afb6eed84fe4957b980c8|9aedd41f3885beb8936ee97bf5f2e9ce4c93884c0582ce8896f74fd88a767823|078f8f13a8f00be4b8b316183232b8126465a057029f49ccda99eda04a3683f9
9839f47433b2a9d290e400f815a51e0c5f2ffcca34010fe943e88834ad412f45|	254Aguardando BenefícioAguardando Pensão||9512d95d00d61bdec03d2b99d6ecc455ee5644ae52d10e7c4a61c93062dc97a3|8c9c6ecbc0397d98d31e1c3ffddf53cfd7fdd8b43ceb4c3d921ef3866b4b3a30|c6f390538b5f6886f3abdf0c90492b388a92b61e974329d13f44c7f474bce006
66aa21ff903f8293feb635e2d2436c6f7f9660aa404f4c486bea6e5b34934905|	254ContribuinteAtivo||9512d95d00d61bdec03d2b99d6ecc455ee5644ae52d10e7c4a61c93062dc97a3|07bb661efa895dde1dfa88da21f663f6e4c469fa288f69801274c17044f7034c|ba2d8673aef57cb0e605192b81103a15d571d82bd1b044b317da210d45d49aa8
f6d37e72523b4c64fd117e6365cc97cb4915f2532388bd141325a69028403e99|	254ContribuinteAutopatrocinado||9512d95d00d61bdec03d2b99d6ecc455ee5644ae52d10e7c4a61c93062dc97a3|07bb661efa895dde1dfa88da21f663f6e4c469fa288f69801274c17044f7034c|7fc133b6968257ce00df2993368da9c3f58fba409047dba6538427e2a5517ee5
8e10a4421cf2a6dff15957e214a7d46809aad276b5af02ee5112980a2b8aa75a|	254ContribuinteBPD||9512d95d00d61bdec03d2b99d6ecc455ee5644ae52d10e7c4a61c93062dc97a3|07bb661efa895dde1dfa88da21f663f6e4c469fa288f69801274c17044f7034c|e4e633d3f6e70fd1329ba84227b1d18df7c7f654ec86d76faea1440b263dccbd
ea43263d1b6fe7208e9b559df4855c8eb7067a46138a08f241ae8d5147cf7a75|	254CanceladoCancelado||9512d95d00d61bdec03d2b99d6ecc455ee5644ae52d10e7c4a61c93062dc97a3|9aedd41f3885beb8936ee97bf5f2e9ce4c93884c0582ce8896f74fd88a767823|9aedd41f3885beb8936ee97bf5f2e9ce4c93884c0582ce8896f74fd88a767823
edf9e36e0d4d213cac5c55b73c28d4568382e77e8384822358c89d28a5ef300f|	254Aguardando OpçãoDemitido - Aguardando Opção||9512d95d00d61bdec03d2b99d6ecc455ee5644ae52d10e7c4a61c93062dc97a3|17964105663b1ca9aeb799273da60e17c05bd63e427142f0c4ec260ad61c9b61|f3e1b1491b19a7c71a5dd826e0f9d331c72c985809433b310b12a26b7d764f13
285870247de248ef134dbebfd1856cb7380514c95c70f1b5d9b01b3c9cad6ac7|	254CanceladoDesligado||9512d95d00d61bdec03d2b99d6ecc455ee5644ae52d10e7c4a61c93062dc97a3|9aedd41f3885beb8936ee97bf5f2e9ce4c93884c0582ce8896f74fd88a767823|078f8f13a8f00be4b8b316183232b8126465a057029f49ccda99eda04a3683f9
ce64a38820dbf61738311667955056c301587dbe3d50873f0c39e17d2ccb125e|	254AssistidoEm Benefício||9512d95d00d61bdec03d2b99d6ecc455ee5644ae52d10e7c4a61c93062dc97a3|81c70d479bf4e69f78ede26a30f056210928a7caf24fa635bc967ea7d3a318e0|b7d25462f30a38f817341f357ad5cfef3d22a9813bbf3f3140212a7aaccd8664
4c35e33dc7974ff06958a71522593423d1b64a55ec8746b86f09be65467e056a|	254AssistidoAposentadoria Antecipada||9512d95d00d61bdec03d2b99d6ecc455ee5644ae52d10e7c4a61c93062dc97a3|81c70d479bf4e69f78ede26a30f056210928a7caf24fa635bc967ea7d3a318e0|89d6e5f5b42432e1af02103035257b892547ce43e7410b6c7532f0590a777cb2
20a02f85c32d693a22b840928af9173a77242de3408e88e1447f8303b2cd038f|	254AssistidoAposentadoria Normal||9512d95d00d61bdec03d2b99d6ecc455ee5644ae52d10e7c4a61c93062dc97a3|81c70d479bf4e69f78ede26a30f056210928a7caf24fa635bc967ea7d3a318e0|67268d411c1d658b92dda35aecc634783515b7ce38bd591c4041fee79663aae1
a52464464c509326646b7a8e5073543dd3fa29cf6ac157c8908d04fb02d3f091|	254AssistidoAposentadoria por Invalidez||9512d95d00d61bdec03d2b99d6ecc455ee5644ae52d10e7c4a61c93062dc97a3|81c70d479bf4e69f78ede26a30f056210928a7caf24fa635bc967ea7d3a318e0|5226e711adad385a78a40cd9fee41281857d13211c682ae4dd92f107a5fd88af
e8acea8fc6bef188f19571d61cbb1e45696a421cd92fa3832740fe871f7093f3|	254AssistidoBenef Prop Diferido||9512d95d00d61bdec03d2b99d6ecc455ee5644ae52d10e7c4a61c93062dc97a3|81c70d479bf4e69f78ede26a30f056210928a7caf24fa635bc967ea7d3a318e0|8f8c162ca0138585aaaa55063fc0fa0d60b610ee2a8153df06f0da75be56cc83
2678b13976c16cccd88827feac2dd930129897a790a4a601fb93bd33a787e40d|	254AssistidoPensão por Morte||9512d95d00d61bdec03d2b99d6ecc455ee5644ae52d10e7c4a61c93062dc97a3|81c70d479bf4e69f78ede26a30f056210928a7caf24fa635bc967ea7d3a318e0|453c3b982ecf026ef14099908ed9f186389fd511a4e22b1944a6cf0b69e60f5b
2b20ee7425f859470dd9c32441350f0fe60ad87f13a77b4f8621491f40487742|	254AssistidoPortabilidade Entidade Aberta||9512d95d00d61bdec03d2b99d6ecc455ee5644ae52d10e7c4a61c93062dc97a3|81c70d479bf4e69f78ede26a30f056210928a7caf24fa635bc967ea7d3a318e0|ccf8ec2eb741dbc310a1da5c86515d1b36600bd00f84eeb022fea2d7db950f8e
bf05fb2a9e03eed4a44a2925bec02b54a760c16eac6c079a17946e0e47605e6d|	254AssistidoResgate de Contribuição||9512d95d00d61bdec03d2b99d6ecc455ee5644ae52d10e7c4a61c93062dc97a3|81c70d479bf4e69f78ede26a30f056210928a7caf24fa635bc967ea7d3a318e0|89514ac47fcff3c062d89f7b8627bfa85646d27ef61db6aa1cc316805ae83867
87d9e3be79d8eee8094169a45e5ab3e208c48fc5d24192a1737d5898bf27a0c3|254AssistidoAposentadoria Postergada||9512d95d00d61bdec03d2b99d6ecc455ee5644ae52d10e7c4a61c93062dc97a3|81c70d479bf4e69f78ede26a30f056210928a7caf24fa635bc967ea7d3a318e0|279514c8ed59a6003e9bdc9734f8d584fac4f03b0a6d915bfb977d851d4323d2
18f423436ad1d68e67e3c0993f0144b58ef1b7bc9b81f6c4f49a2a0d78942692|	254AssistidoResgate Parcial||9512d95d00d61bdec03d2b99d6ecc455ee5644ae52d10e7c4a61c93062dc97a3|81c70d479bf4e69f78ede26a30f056210928a7caf24fa635bc967ea7d3a318e0|d4af2fc8a61598a88867a444e38869c0c51d03f760dfeb0158df986be08444db
6dc69418778ead954381485551bce83952d663e84861a6814fa7a836ff72b40b|	295Aguardando BenefícioAguardando Pensão||9cfd3c755be26b4e1645918e2a64a26e3d851ede421e0b257f783b443bc443d1|8c9c6ecbc0397d98d31e1c3ffddf53cfd7fdd8b43ceb4c3d921ef3866b4b3a30|c6f390538b5f6886f3abdf0c90492b388a92b61e974329d13f44c7f474bce006
bde727d1da4dbb3eb597a973d063e036544987257f4ee4f7ae8b83b34743b3e1|	295ContribuinteAtivo||9cfd3c755be26b4e1645918e2a64a26e3d851ede421e0b257f783b443bc443d1|07bb661efa895dde1dfa88da21f663f6e4c469fa288f69801274c17044f7034c|ba2d8673aef57cb0e605192b81103a15d571d82bd1b044b317da210d45d49aa8
56a90c905bfdd6f7a7d65183c49d04d2800512e3a174ce05538a8561e9cc1894|	295ContribuinteAutopatrocinado||9cfd3c755be26b4e1645918e2a64a26e3d851ede421e0b257f783b443bc443d1|07bb661efa895dde1dfa88da21f663f6e4c469fa288f69801274c17044f7034c|7fc133b6968257ce00df2993368da9c3f58fba409047dba6538427e2a5517ee5
88c4bc70970d2ad0ddf720f9a0812bceca90e6c21d9f81ae0d275f2342af1b41|	295ContribuinteBPD||9cfd3c755be26b4e1645918e2a64a26e3d851ede421e0b257f783b443bc443d1|07bb661efa895dde1dfa88da21f663f6e4c469fa288f69801274c17044f7034c|e4e633d3f6e70fd1329ba84227b1d18df7c7f654ec86d76faea1440b263dccbd
0f7e745f7d11acbb2ba4aff2375b38ac604e2347367dbfdd0e11820aa57b7257|	295CanceladoDesligado||9cfd3c755be26b4e1645918e2a64a26e3d851ede421e0b257f783b443bc443d1|9aedd41f3885beb8936ee97bf5f2e9ce4c93884c0582ce8896f74fd88a767823|078f8f13a8f00be4b8b316183232b8126465a057029f49ccda99eda04a3683f9
241e8f01b1080459a1fa33d9e804da4feecfeefb6ee290e5413c223e5200b070|	295AssistidoEm Benefício||9cfd3c755be26b4e1645918e2a64a26e3d851ede421e0b257f783b443bc443d1|81c70d479bf4e69f78ede26a30f056210928a7caf24fa635bc967ea7d3a318e0|b7d25462f30a38f817341f357ad5cfef3d22a9813bbf3f3140212a7aaccd8664
1e684ce846abfab8b64f38c770f7d8bc3d6400196b42efc8e44e34b705703365|	295AssistidoAposentadoria Antecipada||9cfd3c755be26b4e1645918e2a64a26e3d851ede421e0b257f783b443bc443d1|81c70d479bf4e69f78ede26a30f056210928a7caf24fa635bc967ea7d3a318e0|89d6e5f5b42432e1af02103035257b892547ce43e7410b6c7532f0590a777cb2
8aecc912fdd9b83fa90c24069386945a98eeb35d84d1697b365128fd6b64084f|	295AssistidoAposentadoria Normal||9cfd3c755be26b4e1645918e2a64a26e3d851ede421e0b257f783b443bc443d1|81c70d479bf4e69f78ede26a30f056210928a7caf24fa635bc967ea7d3a318e0|67268d411c1d658b92dda35aecc634783515b7ce38bd591c4041fee79663aae1
d38db84025fb694bb4a000a578282958fee3bea29a8c335e5aaef2b9ada70929|	295AssistidoAposentadoria por Invalidez||9cfd3c755be26b4e1645918e2a64a26e3d851ede421e0b257f783b443bc443d1|81c70d479bf4e69f78ede26a30f056210928a7caf24fa635bc967ea7d3a318e0|5226e711adad385a78a40cd9fee41281857d13211c682ae4dd92f107a5fd88af
dc2666190ca58a2c3ee4272e53fb109aca249e1f8fc02b8c0e17c28b5bfd3f2d|	295AssistidoBenef Prop Diferido||9cfd3c755be26b4e1645918e2a64a26e3d851ede421e0b257f783b443bc443d1|81c70d479bf4e69f78ede26a30f056210928a7caf24fa635bc967ea7d3a318e0|8f8c162ca0138585aaaa55063fc0fa0d60b610ee2a8153df06f0da75be56cc83
39914a5be9887bb4208455719e899cb68ef77797ba5a67282e86f5b77e70fed5|	295AssistidoPensão por Morte||9cfd3c755be26b4e1645918e2a64a26e3d851ede421e0b257f783b443bc443d1|81c70d479bf4e69f78ede26a30f056210928a7caf24fa635bc967ea7d3a318e0|453c3b982ecf026ef14099908ed9f186389fd511a4e22b1944a6cf0b69e60f5b
9c4a0accebfcdf2dec0c8961168b2d3a2340e51c3e308cf13515f90d5371ac00|	295AssistidoPortabilidade Entidade Aberta||9cfd3c755be26b4e1645918e2a64a26e3d851ede421e0b257f783b443bc443d1|81c70d479bf4e69f78ede26a30f056210928a7caf24fa635bc967ea7d3a318e0|ccf8ec2eb741dbc310a1da5c86515d1b36600bd00f84eeb022fea2d7db950f8e
e18d483137a8a3fe9811d2d0d19025db1c709e6ac2f36384fe51b2001587bf99|	295AssistidoResgate de Contribuição||9cfd3c755be26b4e1645918e2a64a26e3d851ede421e0b257f783b443bc443d1|81c70d479bf4e69f78ede26a30f056210928a7caf24fa635bc967ea7d3a318e0|89514ac47fcff3c062d89f7b8627bfa85646d27ef61db6aa1cc316805ae83867
d797027e5dee7d02c7f72f21c5f9165454da9e47120218ebc2ef86788b3757df|295AssistidoBenefício Saldado||9cfd3c755be26b4e1645918e2a64a26e3d851ede421e0b257f783b443bc443d1|81c70d479bf4e69f78ede26a30f056210928a7caf24fa635bc967ea7d3a318e0|7237738857d31074a0b77cf401448d48339c11e16ceb8ce3d9217d98d33a536e
fe6184608372eaf0303680062abbc0f84a84cf5c70e29c7f0070a21b598657e9|295AssistidoBenefício - Decisão Judicial||9cfd3c755be26b4e1645918e2a64a26e3d851ede421e0b257f783b443bc443d1|81c70d479bf4e69f78ede26a30f056210928a7caf24fa635bc967ea7d3a318e0|48625963954f8c060ee344d4724c2e0f3e436959bd02b40f3b86abe369fbbddb
96497de8c92b3159ab809931692fe3b63e34e475380b06289a28259a87471f91|295AssistidoAposentadoria Postergada||9cfd3c755be26b4e1645918e2a64a26e3d851ede421e0b257f783b443bc443d1|81c70d479bf4e69f78ede26a30f056210928a7caf24fa635bc967ea7d3a318e0|279514c8ed59a6003e9bdc9734f8d584fac4f03b0a6d915bfb977d851d4323d2
215774cc91c66a616ec9c55561a8f6de3b218b38a436022e435c5d158c58fc4a|295AssistidoAuxilio Doença||9cfd3c755be26b4e1645918e2a64a26e3d851ede421e0b257f783b443bc443d1|81c70d479bf4e69f78ede26a30f056210928a7caf24fa635bc967ea7d3a318e0|1e385b1d13a68a82f1d5a659193d70f5a19ac5779399bd71893bc3ed2e8cda03
8af83b9b211b0feb56d78016c59322280fcab58b453473d2aee0c4738b43d20b|	297CanceladoDesligado||4c15f47afe7f817fd559e12ddbc276f4930c5822f2049088d6f6605bec7cea56|9aedd41f3885beb8936ee97bf5f2e9ce4c93884c0582ce8896f74fd88a767823|078f8f13a8f00be4b8b316183232b8126465a057029f49ccda99eda04a3683f9
bdf3d7917e02bdbdd9fd310d8267d9298c9da9711230eaed6fe1f1cfa016c026|	306CanceladoDesligado||38b83caefa1ef26940f1d07bd4ec94c60809b0f88f2118e82ef8ec2d98938a84|9aedd41f3885beb8936ee97bf5f2e9ce4c93884c0582ce8896f74fd88a767823|078f8f13a8f00be4b8b316183232b8126465a057029f49ccda99eda04a3683f9
facf0826fe5ae2296252dd4adcb12d772241fed83c2968bc0408103ed78c37f1|	306AssistidoAposentadoria Antecipada||38b83caefa1ef26940f1d07bd4ec94c60809b0f88f2118e82ef8ec2d98938a84|81c70d479bf4e69f78ede26a30f056210928a7caf24fa635bc967ea7d3a318e0|89d6e5f5b42432e1af02103035257b892547ce43e7410b6c7532f0590a777cb2
fa607660a398598f2bdd1969ee7ba1ad74cec631744e8307349db8e6336df743|	306AssistidoAposentadoria Normal||38b83caefa1ef26940f1d07bd4ec94c60809b0f88f2118e82ef8ec2d98938a84|81c70d479bf4e69f78ede26a30f056210928a7caf24fa635bc967ea7d3a318e0|67268d411c1d658b92dda35aecc634783515b7ce38bd591c4041fee79663aae1
8b50a9cf81e4e6076d9c25f3e9b7830f101525493e1787f9d7e3ef150b5bbf33|	306AssistidoAposentadoria por Invalidez||38b83caefa1ef26940f1d07bd4ec94c60809b0f88f2118e82ef8ec2d98938a84|81c70d479bf4e69f78ede26a30f056210928a7caf24fa635bc967ea7d3a318e0|5226e711adad385a78a40cd9fee41281857d13211c682ae4dd92f107a5fd88af
155abd4723161c8290c7f3d1a9633a58263403e1c37b9a7506b4eccd662ae9b9|	306AssistidoBenef Prop Diferido||38b83caefa1ef26940f1d07bd4ec94c60809b0f88f2118e82ef8ec2d98938a84|81c70d479bf4e69f78ede26a30f056210928a7caf24fa635bc967ea7d3a318e0|8f8c162ca0138585aaaa55063fc0fa0d60b610ee2a8153df06f0da75be56cc83
60d5f17477ced200b646c5fc61e46f54c2ac0ba5def05930ccd3676f78fb269c|	306AssistidoPensão por Morte||38b83caefa1ef26940f1d07bd4ec94c60809b0f88f2118e82ef8ec2d98938a84|81c70d479bf4e69f78ede26a30f056210928a7caf24fa635bc967ea7d3a318e0|453c3b982ecf026ef14099908ed9f186389fd511a4e22b1944a6cf0b69e60f5b
b67f6c290c3993dc2bedcffa2c5b011062be15d7b969a6d73832d61ee635c4a5|	306AssistidoPortabilidade Entidade Aberta||38b83caefa1ef26940f1d07bd4ec94c60809b0f88f2118e82ef8ec2d98938a84|81c70d479bf4e69f78ede26a30f056210928a7caf24fa635bc967ea7d3a318e0|ccf8ec2eb741dbc310a1da5c86515d1b36600bd00f84eeb022fea2d7db950f8e
7d7de64b1cb1916864b20fa291e513801a22de112908d229fedbee95bcddcf3c|	306AssistidoResgate de Contribuição||38b83caefa1ef26940f1d07bd4ec94c60809b0f88f2118e82ef8ec2d98938a84|81c70d479bf4e69f78ede26a30f056210928a7caf24fa635bc967ea7d3a318e0|89514ac47fcff3c062d89f7b8627bfa85646d27ef61db6aa1cc316805ae83867
6aa12ad485770f1d1f576447b27ebd381a8f87e5706605a23e4be30e13149249|	306AssistidoEm Benefício||38b83caefa1ef26940f1d07bd4ec94c60809b0f88f2118e82ef8ec2d98938a84|81c70d479bf4e69f78ede26a30f056210928a7caf24fa635bc967ea7d3a318e0|b7d25462f30a38f817341f357ad5cfef3d22a9813bbf3f3140212a7aaccd8664
2f011c7aec8b73ed4fee83957871d2c6a4b0e7c895ae7e8b55bc773d8bed406c|	399ContribuinteAtivo||0f78540965a86402578f8188c826c1cb6c7ddcb608ae3a3201e532c7cacb6ce3|07bb661efa895dde1dfa88da21f663f6e4c469fa288f69801274c17044f7034c|ba2d8673aef57cb0e605192b81103a15d571d82bd1b044b317da210d45d49aa8
5d877347656eef9ef564812df71427cec7d59f1462603052c9dfd64224216506|	399CanceladoCancelado||0f78540965a86402578f8188c826c1cb6c7ddcb608ae3a3201e532c7cacb6ce3|9aedd41f3885beb8936ee97bf5f2e9ce4c93884c0582ce8896f74fd88a767823|9aedd41f3885beb8936ee97bf5f2e9ce4c93884c0582ce8896f74fd88a767823
18d274609477a3f15596fc12816aa1f946c5dd97aa82e63687ce3586b7cb64d4|	399CanceladoDesligado||0f78540965a86402578f8188c826c1cb6c7ddcb608ae3a3201e532c7cacb6ce3|9aedd41f3885beb8936ee97bf5f2e9ce4c93884c0582ce8896f74fd88a767823|078f8f13a8f00be4b8b316183232b8126465a057029f49ccda99eda04a3683f9
0253030781eea460676f44085e0acb86175eda24c9a8be00c214bc9dfae2566f|	399AssistidoAposentadoria Normal||0f78540965a86402578f8188c826c1cb6c7ddcb608ae3a3201e532c7cacb6ce3|81c70d479bf4e69f78ede26a30f056210928a7caf24fa635bc967ea7d3a318e0|67268d411c1d658b92dda35aecc634783515b7ce38bd591c4041fee79663aae1
eb9b9f9861d3206bf42fb2040820c0e690d3adae1a153c962534ecfdce9d049e|	399AssistidoPensão por Morte||0f78540965a86402578f8188c826c1cb6c7ddcb608ae3a3201e532c7cacb6ce3|81c70d479bf4e69f78ede26a30f056210928a7caf24fa635bc967ea7d3a318e0|453c3b982ecf026ef14099908ed9f186389fd511a4e22b1944a6cf0b69e60f5b
af78b4807f93c597552c98006d32d742e69b77427adb2bc19e0cbf145480f8a0|	399CanceladoResgate de Contribuição||0f78540965a86402578f8188c826c1cb6c7ddcb608ae3a3201e532c7cacb6ce3|9aedd41f3885beb8936ee97bf5f2e9ce4c93884c0582ce8896f74fd88a767823|89514ac47fcff3c062d89f7b8627bfa85646d27ef61db6aa1cc316805ae83867
7d4651d07627f806b02e2800f003e5be41508d8fb8fa6de5ad9c47867594fa73|	399AssistidoEm Benefício||0f78540965a86402578f8188c826c1cb6c7ddcb608ae3a3201e532c7cacb6ce3|81c70d479bf4e69f78ede26a30f056210928a7caf24fa635bc967ea7d3a318e0|b7d25462f30a38f817341f357ad5cfef3d22a9813bbf3f3140212a7aaccd8664
21a60a73df89d5ebdacd26b835100c6bb50c362b5bd199d4af8cbd86a3edc118|	399Aguardando OpçãoDemitido - Aguardando Opção||0f78540965a86402578f8188c826c1cb6c7ddcb608ae3a3201e532c7cacb6ce3|17964105663b1ca9aeb799273da60e17c05bd63e427142f0c4ec260ad61c9b61|f3e1b1491b19a7c71a5dd826e0f9d331c72c985809433b310b12a26b7d764f13
